{
	"_shards": {
		"total": 1,
		"successful": 1,
		"skipped": 0,
		"failed": 0
	},
	"hits": {
		"total": 13205151,
		"max_score": 0.0,
		"hits": []
	},
	"took": 790,
	"timed_out": false,
	"aggregations": {
		"buckets": {
			"doc_count_error_upper_bound": 0,
			"sum_other_doc_count": 12205151,
			"buckets": [{
				"key": "BA004",
				"doc_count": 100000,
				"significant_ngrams": {
					"buckets": []
				}
			}, {
				"key": "BA005",
				"doc_count": 100000,
				"significant_ngrams": {
					"buckets": []
				}
			}, {
				"key": "BA006",
				"doc_count": 100000,
				"significant_ngrams": {
					"buckets": []
				}
			}, {
				"key": "BA008",
				"doc_count": 100000,
				"significant_ngrams": {
					"buckets": []
				}
			}, {
				"key": "BA010",
				"doc_count": 100000,
				"significant_ngrams": {
					"buckets": []
				}
			}, {
				"key": "BA011",
				"doc_count": 100000,
				"significant_ngrams": {
					"buckets": []
				}
			}, {
				"key": "BA012",
				"doc_count": 100000,
				"significant_ngrams": {
					"buckets": []
				}
			}, {
				"key": "BA013",
				"doc_count": 100000,
				"significant_ngrams": {
					"buckets": []
				}
			}, {
				"key": "BA014",
				"doc_count": 100000,
				"significant_ngrams": {
					"buckets": []
				}
			}, {
				"key": "BA019",
				"doc_count": 100000,
				"significant_ngrams": {
					"buckets": []
				}
			}]
		}
	}
}