{
    "took": 13,
    "timed_out": false,
    "_shards": {
        "total": 1,
        "successful": 1,
        "skipped": 0,
        "failed": 0
    },
    "_gits": {
        "total": 1999760,
        "max_score": 1,
        "hits": [
            {
                "_index": "wmw_search",
                "_type": "wmw_search_client_account",
                "_id": "M006044497",
                "_score": 1,
                "_source": {
                    "master_profile_identifer": "M006044497",
                    "party_identifier": "57101079487",
                    "path_client_identifer": "436664611",
                    "taxpayer_identifier_number": "571066006",
                    "producer_identifier": "5001010",
                    "LeadFA_Producer_Identifier": "5001010",
                    "individual_first_name": "ROGER",
                    "individual_middle_name": "",
                    "individual_last_name": "STAGER",
                    "individual_name_prefix": "",
                    "individual_name_suffix": "",
                    "individual_preferred_phone_number": "9254549930",
                    "individual_preferred_email_address": "ROGER@STAGER.US",
                    "primary_residential_address_line": "3890 HIGHPOINTE CT",
                    "primary_residential_address_city_name": "DUBLIN",
                    "primary_residential_address_state_code": "CA",
                    "primay_residential_address_state_name": "CALIFORNIA",
                    "primary_residential_address_postal_code": "945688830",
                    "primary_residential_address_country_name": "840",
                    "ccdp_asset_type": "CLIENT",
                    "Profile_affiliate_sharing_indicator": "N",
                    "test_document_indicator": "PR010",
                    "test_case_identifier": "TC"
                }
            },
            {
                "_index": "wmw_search",
                "_type": "wmw_search_client_account",
                "_id": "M006044502",
                "_score": 1,
                "_source": {
                    "master_profile_identifer": "M006044502",
                    "party_identifier": "35023125939",
                    "path_client_identifer": "700692860",
                    "taxpayer_identifier_number": "041288175",
                    "producer_identifier": "7514526",
                    "LeadFA_Producer_Identifier": "7514526",
                    "individual_first_name": "LEONA",
                    "individual_middle_name": "",
                    "individual_last_name": "OBERSTEIN",
                    "individual_name_prefix": "",
                    "individual_name_suffix": "",
                    "individual_preferred_phone_number": "5617315752",
                    "individual_preferred_email_address": "LEEMOROBER@BELLSOUTH.NET",
                    "primary_residential_address_line": "7165 HAVILAND CIR",
                    "primary_residential_address_city_name": "BOYNTON BEACH",
                    "primary_residential_address_state_code": "FL",
                    "primay_residential_address_state_name": "FLORIDA",
                    "primary_residential_address_postal_code": "334376463",
                    "primary_residential_address_country_name": "840",
                    "ccdp_asset_type": "CLIENT",
                    "Profile_affiliate_sharing_indicator": "Y",
                    "test_document_indicator": "PR010",
                    "test_case_identifier": "TC"
                }
            },
            {
                "_index": "wmw_search",
                "_type": "wmw_search_client_account",
                "_id": "M006044514",
                "_score": 1,
                "_source": {
                    "master_profile_identifer": "M006044514",
                    "party_identifier": "35067564985",
                    "path_client_identifer": "748263061",
                    "taxpayer_identifier_number": "370922081",
                    "producer_identifier": "2809998",                        
                    "LeadFA_Producer_Identifier": "7HJ2487",
                    "individual_first_name": "DAVID",
                    "individual_middle_name": "C.",
                    "individual_last_name": "WALKER",
                    "individual_name_prefix": "",
                    "individual_name_suffix": "",
                    "individual_preferred_phone_number": "5862947077",
                    "individual_preferred_email_address": "DAVID_WALKER@CONCENTRA.COM",
                    "primary_residential_address_line": "5906 MCKINLEY RD",
                    "primary_residential_address_city_name": "CHINA",
                    "primary_residential_address_state_code": "MI",
                    "primay_residential_address_state_name": "MICHIGAN",
                    "primary_residential_address_postal_code": "480544311",
                    "primary_residential_address_country_name": "840",
                    "ccdp_asset_type": "CLIENT",
                    "Profile_affiliate_sharing_indicator": "Y",
                    "test_document_indicator": "PR010",
                    "test_case_identifier": "TC"
                }
            },
            {
                "_index": "wmw_search",
                "_type": "wmw_search_client_account",
                "_id": "M006044516",
                "_score": 1,
                "_source": {
                    "master_profile_identifer": "M006044516",
                    "party_identifier": "35040358499",
                    "path_client_identifer": "577793221",
                    "taxpayer_identifier_number": "263028752",
                    "producer_identifier": "7744716",
                    "LeadFA_Producer_Identifier": "7744716",
                    "individual_first_name": "KATE",
                    "individual_middle_name": "G",
                    "individual_last_name": "HOWE",
                    "individual_name_prefix": "",
                    "individual_name_suffix": "",
                    "individual_preferred_phone_number": "8504389931",
                    "individual_preferred_email_address": "KATE.HOWE@COX.NET",
                    "primary_residential_address_line": "4621 SCENIC HWY",
                    "primary_residential_address_city_name": "PENSACOLA",
                    "primary_residential_address_state_code": "FL",
                    "primay_residential_address_state_name": "FLORIDA",
                    "primary_residential_address_postal_code": "325049016",
                    "primary_residential_address_country_name": "840",
                    "ccdp_asset_type": "CLIENT",
                    "Profile_affiliate_sharing_indicator": "Y",
                    "test_document_indicator": "PR010",
                    "test_case_identifier": "TC"
                }
            },
            {
                "_index": "wmw_search",
                "_type": "wmw_search_client_account",
                "_id": "M006044525",
                "_score": 1,
                "_source": {
                    "master_profile_identifer": "M006044525",
                    "party_identifier": "57101254648",
                    "path_client_identifer": "933581090",
                    "taxpayer_identifier_number": "153608582",
                    "producer_identifier": "8258671",
                    "LeadFA_Producer_Identifier": "8258671",
                    "individual_first_name": "RICHARD",
                    "individual_middle_name": "M",
                    "individual_last_name": "FELDMAN",
                    "individual_name_prefix": "",
                    "individual_name_suffix": "",
                    "individual_preferred_phone_number": "9733791417",
                    "individual_preferred_email_address": "RICHARD.FELDMAN2@WELLSFARGO.COM",
                    "primary_residential_address_line": "78 GREENWOOD DR",
                    "primary_residential_address_city_name": "MILLBURN",
                    "primary_residential_address_state_code": "NJ",
                    "primay_residential_address_state_name": "NEW JERSEY",
                    "primary_residential_address_postal_code": "070411428",
                    "primary_residential_address_country_name": "840",
                    "ccdp_asset_type": "CLIENT",
                    "Profile_affiliate_sharing_indicator": "Y",
                    "test_document_indicator": "PR010",
                    "test_case_identifier": "TC"
                }
            },
            {
                "_index": "wmw_search",
                "_type": "wmw_search_client_account",
                "_id": "M006044555",
                "_score": 1,
                "_source": {
                    "master_profile_identifer": "M006044555",
                    "party_identifier": "20021208817",
                    "path_client_identifer": "611178280",
                    "taxpayer_identifier_number": "577624275",
                    "producer_identifier": "7950150",
                    "LeadFA_Producer_Identifier": "7950150",
                    "individual_first_name": "JEAN",
                    "individual_middle_name": "E",
                    "individual_last_name": "KEENAN",
                    "individual_name_prefix": "",
                    "individual_name_suffix": "",
                    "individual_preferred_phone_number": "8139204393",
                    "individual_preferred_email_address": "ITSJEA23@AOL.COM",
                    "primary_residential_address_line": "10515 GREENSPRINGS DR",
                    "primary_residential_address_city_name": "TAMPA",
                    "primary_residential_address_state_code": "FL",
                    "primay_residential_address_state_name": "FLORIDA",
                    "primary_residential_address_postal_code": "336261724",
                    "primary_residential_address_country_name": "840",
                    "ccdp_asset_type": "CLIENT",
                    "Profile_affiliate_sharing_indicator": "N",
                    "test_document_indicator": "PR010",
                    "test_case_identifier": "TC"
                }
            },
            {
                "_index": "wmw_search",
                "_type": "wmw_search_client_account",
                "_id": "M006044560",
                "_score": 1,
                "_source": {
                    "master_profile_identifer": "M006044560",
                    "party_identifier": "35065044102",
                    "path_client_identifer": "957435580",
                    "taxpayer_identifier_number": "304327845",
                    "producer_identifier": "6617633",
                    "LeadFA_Producer_Identifier": "6617633",
                    "individual_first_name": "RONALD",
                    "individual_middle_name": "L",
                    "individual_last_name": "FARRELL",
                    "individual_name_prefix": "",
                    "individual_name_suffix": "",
                    "individual_preferred_phone_number": "2242937816",
                    "individual_preferred_email_address": "RON.FARRELL@ACMEINDUSTRIAL.COM",
                    "primary_residential_address_line": "5325 CLOVER DR",
                    "primary_residential_address_city_name": "LISLE",
                    "primary_residential_address_state_code": "IL",
                    "primay_residential_address_state_name": "ILLINOIS",
                    "primary_residential_address_postal_code": "605322474",
                    "primary_residential_address_country_name": "840",
                    "ccdp_asset_type": "CLIENT",
                    "Profile_affiliate_sharing_indicator": "Y",
                    "test_document_indicator": "PR010",
                    "test_case_identifier": "TC"
                }
            },
            {
                "_index": "wmw_search",
                "_type": "wmw_search_client_account",
                "_id": "M006044574",
                "_score": 1,
                "_source": {
                    "master_profile_identifer": "M006044574",
                    "party_identifier": "35025638589",
                    "path_client_identifer": "769590880",
                    "taxpayer_identifier_number": "076483228",
                    "producer_identifier": "8529355",
                    "LeadFA_Producer_Identifier": "8529355",
                    "individual_first_name": "HOWARD",
                    "individual_middle_name": "M",
                    "individual_last_name": "TOPAZ",
                    "individual_name_prefix": "",
                    "individual_name_suffix": "",
                    "individual_preferred_phone_number": "2129188297",
                    "individual_preferred_email_address": "HOWARD.TOPAZ@HOGANLOVELLS.COM",
                    "primary_residential_address_line": "180 E END AVE APT 11E",
                    "primary_residential_address_city_name": "NEW YORK",
                    "primary_residential_address_state_code": "NY",
                    "primay_residential_address_state_name": "NEW YORK",
                    "primary_residential_address_postal_code": "101287769",
                    "primary_residential_address_country_name": "840",
                    "ccdp_asset_type": "CLIENT",
                    "Profile_affiliate_sharing_indicator": "Y",
                    "test_document_indicator": "PR010",
                    "test_case_identifier": "TC"
                }
            },
            {
                "_index": "wmw_search",
                "_type": "wmw_search_client_account",
                "_id": "M006044576",
                "_score": 1,
                "_source": {
                    "master_profile_identifer": "M006044576",
                    "party_identifier": "57101840848",
                    "path_client_identifer": "980963811",
                    "taxpayer_identifier_number": "223992731",
                    "producer_identifier": "7554509",
                    "LeadFA_Producer_Identifier": "7554509",
                    "individual_first_name": "JOHN",
                    "individual_middle_name": "DAVID",
                    "individual_last_name": "GRAY",
                    "individual_name_prefix": "",
                    "individual_name_suffix": "IV",
                    "individual_preferred_phone_number": "3024075147",
                    "individual_preferred_email_address": "000000",
                    "primary_residential_address_line": "4011 SPRINGFIELD LN",
                    "primary_residential_address_city_name": "WILMINGTON",
                    "primary_residential_address_state_code": "DE",
                    "primay_residential_address_state_name": "DELAWARE",
                    "primary_residential_address_postal_code": "198072251",
                    "primary_residential_address_country_name": "840",
                    "ccdp_asset_type": "CLIENT",
                    "Profile_affiliate_sharing_indicator": "Y",
                    "test_document_indicator": "PR010",
                    "test_case_identifier": "TC"
                }
            },
            {
                "_index": "wmw_search",
                "_type": "wmw_search_client_account",
                "_id": "M006044580",
                "_score": 1,
                "_source": {
                    "master_profile_identifer": "M006044580",
                    "party_identifier": "57104713223",
                    "path_client_identifer": "567580490",
                    "taxpayer_identifier_number": "453689428",
                    "producer_identifier": "5826689",
                    "LeadFA_Producer_Identifier": "5826689",
                    "individual_first_name": "GARY",
                    "individual_middle_name": "R",
                    "individual_last_name": "PETERSEN",
                    "individual_name_prefix": "",
                    "individual_name_suffix": "",
                    "individual_preferred_phone_number": "7136596100",
                    "individual_preferred_email_address": "GPETERSEN@ENCAPINVESTMENTS.COM",
                    "primary_residential_address_line": "1100 LOUISIANA ST STE 4900",
                    "primary_residential_address_city_name": "HOUSTON",
                    "primary_residential_address_state_code": "TX",
                    "primay_residential_address_state_name": "TEXAS",
                    "primary_residential_address_postal_code": "770025217",
                    "primary_residential_address_country_name": "840",
                    "ccdp_asset_type": "CLIENT",
                    "Profile_affiliate_sharing_indicator": "Y",
                    "test_document_indicator": "PR010",
                    "test_case_identifier": "TC"
                }
            }
        ]
    }
}