<?xml version="1.0" encoding="UTF-8"?>
<beans xmlns="http://www.springframework.org/schema/beans"
	xmlns:xsi="http://www.w3.org/2001/XMLSchema-instance" xmlns:jaxws="http://cxf.apache.org/jaxws"
	xsi:schemaLocation="http://www.springframework.org/schema/beans http://www.springframework.org/schema/beans/spring-beans-2.5.xsd http://cxf.apache.org/jaxws http://cxf.apache.org/schemas/jaxws.xsd">
	<import resource="classpath:META-INF/cxf/cxf.xml" />
<!-- 	<import resource="classpath:META-INF/cxf/cxf-extension-soap.xml" /> -->
	<import resource="classpath:META-INF/cxf/cxf-servlet.xml" />
	<jaxws:endpoint xmlns:tns="http://www.TSIM2001.IMCASHDL.com"
		id="tsim2001port" implementor="com.imcashdl.tsim2001.TSIM2001PortImpl"
		wsdlLocation="WEB-INF/wsdl/imcashdl_localhost.wsdl" endpointName="tns:TSIM2001Port"
		serviceName="tns:TSIM2001Service" address="/TSIM2001Port">
		<jaxws:features>
			<bean class="org.apache.cxf.feature.LoggingFeature" />
		</jaxws:features>
	</jaxws:endpoint>
</beans>
